{"cameraMode":{"drawMode":0,"name":"Shaded","section":"Shading Mode"},"sceneLighting":true,"audioPlay":false,"sceneViewState":{"m_AlwaysRefresh":false,"showFog":true,"showSkybox":true,"showFlares":true,"showImageEffects":true,"showParticleSystems":true,"showVisualEffectGraphs":true,"m_FxEnabled":true},"in2DMode":false,"pivot":{"x":3.0063369274139406,"y":-44.27476501464844,"z":131.1070098876953},"rotation":{"x":0.18045200407505036,"y":0.022123822942376138,"z":-0.004078882746398449,"w":0.9832788705825806},"size":74.69680786132813,"orthographic":false}