{"cameraMode":{"drawMode":0,"name":"Shaded","section":"Shading Mode"},"sceneLighting":true,"audioPlay":false,"sceneViewState":{"m_AlwaysRefresh":false,"showFog":true,"showSkybox":true,"showFlares":true,"showImageEffects":true,"showParticleSystems":true,"showVisualEffectGraphs":true,"m_FxEnabled":true},"in2DMode":false,"pivot":{"x":0.23265960812568665,"y":0.3029426336288452,"z":-1.8630369901657105},"rotation":{"x":0.01200074702501297,"y":-0.00450018560513854,"z":0.000054893040214665234,"w":0.9998939633369446},"size":0.6038756370544434,"orthographic":false}