{"cameraMode":{"drawMode":0,"name":"Shaded","section":"Shading Mode"},"sceneLighting":true,"audioPlay":false,"sceneViewState":{"m_AlwaysRefresh":false,"showFog":true,"showSkybox":true,"showFlares":true,"showImageEffects":true,"showParticleSystems":true,"showVisualEffectGraphs":true,"m_FxEnabled":true},"in2DMode":false,"pivot":{"x":5.001286506652832,"y":1.1743992567062379,"z":5.06718635559082},"rotation":{"x":0.020993603393435479,"y":0.020096540451049806,"z":-0.00042217742884531617,"w":0.9995665550231934},"size":10.198875427246094,"orthographic":false}